Mathieu;zljakz;djzija;maoo;5547;1999
Arthur;deed;deaa;deae;32;2021
Louis;deed;ded;deae;43;2021
Pascal;frf;ada;deae;45;2021
TOTO;dea;deafr;deae;46;2021
ToTO;RIna;dazdz;zdza;54846255;2021
xaeee;;;;515;2021
ourradou;m;m;m;2322;2021
;;;;55;2021
ourradour;christiane;;;3454024;2021
ourradour;;;marco@yahoo.fr;2154;2021
ourradour;marco;dea;deadea;51585;2021
vdvfv;sdcsdcsd;scdcd;cdscd;5158;2021
frecr;cecer;cerrec;cree;1525;2021
pailhe;cecile;71 jzjej  75001 paris;cecile.pailhe@edu.devinci.fr;783645895;2021
Ourradour;Marc-Adan;11 rue cono;marcopoloo@yahoo.fr;52525;2021
bella;Hassina;11 rue de la louve Saint m√©dard en Jalle;hassinaCommision@immo.fr;9999999;2021
Princesse ;Lottie; 12 rue cardeau;ezaz;55454;2021
ourradour ;qcdcsd;11 rue yvon;msasain@yahoo;75484884;2021
